<?xml version="1.0" encoding="UTF-8"?>
<export version="E">
  <design>
    <source>C:\Users\maswa\UserFiles\aswarth\aswarth\RVCE\eyantra\hologlyph bot circuit\hologlyph bot circuit.kicad_sch</source>
    <date>28-11-2023 10:33:40</date>
    <tool>Eeschema 7.0.1</tool>
    <sheet number="1" name="/" tstamps="/">
      <title_block>
        <title/>
        <company/>
        <rev/>
        <date/>
        <source>hologlyph bot circuit.kicad_sch</source>
        <comment number="1" value=""/>
        <comment number="2" value=""/>
        <comment number="3" value=""/>
        <comment number="4" value=""/>
        <comment number="5" value=""/>
        <comment number="6" value=""/>
        <comment number="7" value=""/>
        <comment number="8" value=""/>
        <comment number="9" value=""/>
      </title_block>
    </sheet>
  </design>
  <components>
    <comp ref="BZ1">
      <value>Buzzer</value>
      <footprint>Buzzer_Beeper:Buzzer_12x9.5RM7.6</footprint>
      <libsource lib="Device" part="Buzzer" description="Buzzer, polarized"/>
      <property name="Sheetname" value=""/>
      <property name="Sheetfile" value="hologlyph bot circuit.kicad_sch"/>
      <property name="ki_description" value="Buzzer, polarized"/>
      <property name="ki_keywords" value="quartz resonator ceramic"/>
      <sheetpath names="/" tstamps="/"/>
      <tstamps>b714da56-9891-4989-b501-223bb79ebe36</tstamps>
    </comp>
    <comp ref="D1">
      <value>Bot ID</value>
      <footprint>Connector_PinSocket_2.54mm:PinSocket_1x04_P2.54mm_Vertical</footprint>
      <libsource lib="Device" part="LED_BAGR" description="RGB LED, blue/anode/green/red"/>
      <property name="Sheetname" value=""/>
      <property name="Sheetfile" value="hologlyph bot circuit.kicad_sch"/>
      <property name="ki_description" value="RGB LED, blue/anode/green/red"/>
      <property name="ki_keywords" value="LED RGB diode"/>
      <sheetpath names="/" tstamps="/"/>
      <tstamps>9d93dce2-6db7-4999-8779-2468ae321dbb</tstamps>
    </comp>
    <comp ref="D2">
      <value>Bot Status</value>
      <footprint>Connector_PinSocket_2.54mm:PinSocket_1x04_P2.54mm_Vertical</footprint>
      <libsource lib="Device" part="LED_BAGR" description="RGB LED, blue/anode/green/red"/>
      <property name="Sheetname" value=""/>
      <property name="Sheetfile" value="hologlyph bot circuit.kicad_sch"/>
      <property name="ki_description" value="RGB LED, blue/anode/green/red"/>
      <property name="ki_keywords" value="LED RGB diode"/>
      <sheetpath names="/" tstamps="/"/>
      <tstamps>b91cd482-a644-4185-a6b5-64663bf0080d</tstamps>
    </comp>
    <comp ref="J1">
      <value>Wheel Left</value>
      <footprint>Connector_PinHeader_2.54mm:PinHeader_1x03_P2.54mm_Vertical</footprint>
      <libsource lib="Connector_Generic" part="Conn_01x03" description="Generic connector, single row, 01x03, script generated (kicad-library-utils/schlib/autogen/connector/)"/>
      <property name="Sheetname" value=""/>
      <property name="Sheetfile" value="hologlyph bot circuit.kicad_sch"/>
      <property name="ki_description" value="Generic connector, single row, 01x03, script generated (kicad-library-utils/schlib/autogen/connector/)"/>
      <property name="ki_keywords" value="connector"/>
      <sheetpath names="/" tstamps="/"/>
      <tstamps>5048d838-cdde-41d5-bd53-368f84ae56c8</tstamps>
    </comp>
    <comp ref="J2">
      <value>Wheel Right</value>
      <footprint>Connector_PinHeader_2.54mm:PinHeader_1x03_P2.54mm_Vertical</footprint>
      <libsource lib="Connector_Generic" part="Conn_01x03" description="Generic connector, single row, 01x03, script generated (kicad-library-utils/schlib/autogen/connector/)"/>
      <property name="Sheetname" value=""/>
      <property name="Sheetfile" value="hologlyph bot circuit.kicad_sch"/>
      <property name="ki_description" value="Generic connector, single row, 01x03, script generated (kicad-library-utils/schlib/autogen/connector/)"/>
      <property name="ki_keywords" value="connector"/>
      <sheetpath names="/" tstamps="/"/>
      <tstamps>65edf0c4-1d84-4bb8-bef9-e4c79f4a4922</tstamps>
    </comp>
    <comp ref="J3">
      <value>Wheel Rear</value>
      <footprint>Connector_PinHeader_2.54mm:PinHeader_1x03_P2.54mm_Vertical</footprint>
      <libsource lib="Connector_Generic" part="Conn_01x03" description="Generic connector, single row, 01x03, script generated (kicad-library-utils/schlib/autogen/connector/)"/>
      <property name="Sheetname" value=""/>
      <property name="Sheetfile" value="hologlyph bot circuit.kicad_sch"/>
      <property name="ki_description" value="Generic connector, single row, 01x03, script generated (kicad-library-utils/schlib/autogen/connector/)"/>
      <property name="ki_keywords" value="connector"/>
      <sheetpath names="/" tstamps="/"/>
      <tstamps>a15654ab-993a-4ea7-91eb-4179455ed949</tstamps>
    </comp>
    <comp ref="J4">
      <value>Pen Up/Down</value>
      <footprint>Connector_PinHeader_2.54mm:PinHeader_1x03_P2.54mm_Vertical</footprint>
      <libsource lib="Connector_Generic" part="Conn_01x03" description="Generic connector, single row, 01x03, script generated (kicad-library-utils/schlib/autogen/connector/)"/>
      <property name="Sheetname" value=""/>
      <property name="Sheetfile" value="hologlyph bot circuit.kicad_sch"/>
      <property name="ki_description" value="Generic connector, single row, 01x03, script generated (kicad-library-utils/schlib/autogen/connector/)"/>
      <property name="ki_keywords" value="connector"/>
      <sheetpath names="/" tstamps="/"/>
      <tstamps>fbc39692-a914-4322-9813-e46101dfcc1b</tstamps>
    </comp>
    <comp ref="J5">
      <value>IN+</value>
      <footprint>Connector_PinHeader_2.54mm:PinHeader_1x01_P2.54mm_Vertical</footprint>
      <libsource lib="Connector_Generic" part="Conn_01x01" description="Generic connector, single row, 01x01, script generated (kicad-library-utils/schlib/autogen/connector/)"/>
      <property name="Sheetname" value=""/>
      <property name="Sheetfile" value="hologlyph bot circuit.kicad_sch"/>
      <property name="ki_description" value="Generic connector, single row, 01x01, script generated (kicad-library-utils/schlib/autogen/connector/)"/>
      <property name="ki_keywords" value="connector"/>
      <sheetpath names="/" tstamps="/"/>
      <tstamps>7d730674-6c3c-4001-9eca-6fcb8fb7fa60</tstamps>
    </comp>
    <comp ref="J6">
      <value>IN-</value>
      <footprint>Connector_PinHeader_2.54mm:PinHeader_1x01_P2.54mm_Vertical</footprint>
      <libsource lib="Connector_Generic" part="Conn_01x01" description="Generic connector, single row, 01x01, script generated (kicad-library-utils/schlib/autogen/connector/)"/>
      <property name="Sheetname" value=""/>
      <property name="Sheetfile" value="hologlyph bot circuit.kicad_sch"/>
      <property name="ki_description" value="Generic connector, single row, 01x01, script generated (kicad-library-utils/schlib/autogen/connector/)"/>
      <property name="ki_keywords" value="connector"/>
      <sheetpath names="/" tstamps="/"/>
      <tstamps>888962f4-7159-48dc-8044-f1a56a866ef7</tstamps>
    </comp>
    <comp ref="J7">
      <value>OUT+</value>
      <footprint>Connector_PinHeader_2.54mm:PinHeader_1x01_P2.54mm_Vertical</footprint>
      <libsource lib="Connector_Generic" part="Conn_01x01" description="Generic connector, single row, 01x01, script generated (kicad-library-utils/schlib/autogen/connector/)"/>
      <property name="Sheetname" value=""/>
      <property name="Sheetfile" value="hologlyph bot circuit.kicad_sch"/>
      <property name="ki_description" value="Generic connector, single row, 01x01, script generated (kicad-library-utils/schlib/autogen/connector/)"/>
      <property name="ki_keywords" value="connector"/>
      <sheetpath names="/" tstamps="/"/>
      <tstamps>2fb57509-d929-4616-83be-cbffb31c3888</tstamps>
    </comp>
    <comp ref="J8">
      <value>OUT-</value>
      <footprint>Connector_PinHeader_2.54mm:PinHeader_1x01_P2.54mm_Vertical</footprint>
      <libsource lib="Connector_Generic" part="Conn_01x01" description="Generic connector, single row, 01x01, script generated (kicad-library-utils/schlib/autogen/connector/)"/>
      <property name="Sheetname" value=""/>
      <property name="Sheetfile" value="hologlyph bot circuit.kicad_sch"/>
      <property name="ki_description" value="Generic connector, single row, 01x01, script generated (kicad-library-utils/schlib/autogen/connector/)"/>
      <property name="ki_keywords" value="connector"/>
      <sheetpath names="/" tstamps="/"/>
      <tstamps>8a98d5e3-2ea4-4da7-8188-05c65c4d5131</tstamps>
    </comp>
    <comp ref="J9">
      <value>Battery Connector</value>
      <footprint>TerminalBlock:TerminalBlock_Altech_AK300-2_P5.00mm</footprint>
      <libsource lib="Connector" part="Screw_Terminal_01x02" description="Generic screw terminal, single row, 01x02, script generated (kicad-library-utils/schlib/autogen/connector/)"/>
      <property name="Sheetname" value=""/>
      <property name="Sheetfile" value="hologlyph bot circuit.kicad_sch"/>
      <property name="ki_description" value="Generic screw terminal, single row, 01x02, script generated (kicad-library-utils/schlib/autogen/connector/)"/>
      <property name="ki_keywords" value="screw terminal"/>
      <sheetpath names="/" tstamps="/"/>
      <tstamps>b39fd5ce-9f2c-4b46-967a-26735a7c7bba</tstamps>
    </comp>
    <comp ref="J10">
      <value>PWR LED</value>
      <footprint>Connector_PinHeader_2.54mm:PinHeader_1x02_P2.54mm_Vertical</footprint>
      <libsource lib="Connector_Generic" part="Conn_01x02" description="Generic connector, single row, 01x02, script generated (kicad-library-utils/schlib/autogen/connector/)"/>
      <property name="Sheetname" value=""/>
      <property name="Sheetfile" value="hologlyph bot circuit.kicad_sch"/>
      <property name="ki_description" value="Generic connector, single row, 01x02, script generated (kicad-library-utils/schlib/autogen/connector/)"/>
      <property name="ki_keywords" value="connector"/>
      <sheetpath names="/" tstamps="/"/>
      <tstamps>3ce6959b-e709-402a-afa9-4b61ba49cf50</tstamps>
    </comp>
    <comp ref="R1">
      <value>220R</value>
      <footprint>Resistor_THT:R_Axial_DIN0207_L6.3mm_D2.5mm_P7.62mm_Horizontal</footprint>
      <libsource lib="Device" part="R" description="Resistor"/>
      <property name="Sheetname" value=""/>
      <property name="Sheetfile" value="hologlyph bot circuit.kicad_sch"/>
      <property name="ki_description" value="Resistor"/>
      <property name="ki_keywords" value="R res resistor"/>
      <sheetpath names="/" tstamps="/"/>
      <tstamps>e1e4fcae-ce0d-406e-ba26-5f1877c1bdf7</tstamps>
    </comp>
    <comp ref="R2">
      <value>220R</value>
      <footprint>Resistor_THT:R_Axial_DIN0207_L6.3mm_D2.5mm_P7.62mm_Horizontal</footprint>
      <libsource lib="Device" part="R" description="Resistor"/>
      <property name="Sheetname" value=""/>
      <property name="Sheetfile" value="hologlyph bot circuit.kicad_sch"/>
      <property name="ki_description" value="Resistor"/>
      <property name="ki_keywords" value="R res resistor"/>
      <sheetpath names="/" tstamps="/"/>
      <tstamps>0a297a04-008f-46ad-983e-42721f6237a9</tstamps>
    </comp>
    <comp ref="R3">
      <value>220R</value>
      <footprint>Resistor_THT:R_Axial_DIN0207_L6.3mm_D2.5mm_P7.62mm_Horizontal</footprint>
      <libsource lib="Device" part="R" description="Resistor"/>
      <property name="Sheetname" value=""/>
      <property name="Sheetfile" value="hologlyph bot circuit.kicad_sch"/>
      <property name="ki_description" value="Resistor"/>
      <property name="ki_keywords" value="R res resistor"/>
      <sheetpath names="/" tstamps="/"/>
      <tstamps>6f564abb-d300-4a4f-8d3b-cc07bd303627</tstamps>
    </comp>
    <comp ref="R4">
      <value>220R</value>
      <footprint>Resistor_THT:R_Axial_DIN0207_L6.3mm_D2.5mm_P7.62mm_Horizontal</footprint>
      <libsource lib="Device" part="R" description="Resistor"/>
      <property name="Sheetname" value=""/>
      <property name="Sheetfile" value="hologlyph bot circuit.kicad_sch"/>
      <property name="ki_description" value="Resistor"/>
      <property name="ki_keywords" value="R res resistor"/>
      <sheetpath names="/" tstamps="/"/>
      <tstamps>534a855e-aab6-4038-9d60-44a3f9ed563f</tstamps>
    </comp>
    <comp ref="R5">
      <value>220R</value>
      <footprint>Resistor_THT:R_Axial_DIN0207_L6.3mm_D2.5mm_P7.62mm_Horizontal</footprint>
      <libsource lib="Device" part="R" description="Resistor"/>
      <property name="Sheetname" value=""/>
      <property name="Sheetfile" value="hologlyph bot circuit.kicad_sch"/>
      <property name="ki_description" value="Resistor"/>
      <property name="ki_keywords" value="R res resistor"/>
      <sheetpath names="/" tstamps="/"/>
      <tstamps>b62f4be8-8714-4c54-8ff3-8af7f29be454</tstamps>
    </comp>
    <comp ref="R6">
      <value>220R</value>
      <footprint>Resistor_THT:R_Axial_DIN0207_L6.3mm_D2.5mm_P7.62mm_Horizontal</footprint>
      <libsource lib="Device" part="R" description="Resistor"/>
      <property name="Sheetname" value=""/>
      <property name="Sheetfile" value="hologlyph bot circuit.kicad_sch"/>
      <property name="ki_description" value="Resistor"/>
      <property name="ki_keywords" value="R res resistor"/>
      <sheetpath names="/" tstamps="/"/>
      <tstamps>b8f4dad0-612a-420f-a0ab-4c811aec2c83</tstamps>
    </comp>
    <comp ref="R7">
      <value>220R</value>
      <footprint>Resistor_THT:R_Axial_DIN0207_L6.3mm_D2.5mm_P7.62mm_Horizontal</footprint>
      <libsource lib="Device" part="R" description="Resistor"/>
      <property name="Sheetname" value=""/>
      <property name="Sheetfile" value="hologlyph bot circuit.kicad_sch"/>
      <property name="ki_description" value="Resistor"/>
      <property name="ki_keywords" value="R res resistor"/>
      <sheetpath names="/" tstamps="/"/>
      <tstamps>10dd40f3-a4c5-4b3f-a56a-215646b35ee9</tstamps>
    </comp>
    <comp ref="SW1">
      <value>Power Switch</value>
      <footprint>Connector_PinHeader_2.54mm:PinHeader_1x02_P2.54mm_Vertical</footprint>
      <libsource lib="Switch" part="SW_DPST_x2" description="Single Pole Single Throw (SPST) switch, separate symbol"/>
      <property name="Sheetname" value=""/>
      <property name="Sheetfile" value="hologlyph bot circuit.kicad_sch"/>
      <property name="ki_description" value="Single Pole Single Throw (SPST) switch, separate symbol"/>
      <property name="ki_keywords" value="switch lever"/>
      <sheetpath names="/" tstamps="/"/>
      <tstamps>d01559fd-4f44-430d-a437-706617205752</tstamps>
    </comp>
    <comp ref="U1">
      <value>ESP32-DEVKIT-V1</value>
      <footprint>ESP32-DEVKIT-V1:MODULE_ESP32_DEVKIT_V1</footprint>
      <fields>
        <field name="Availability">Not in stock</field>
        <field name="Check_prices">https://www.snapeda.com/parts/ESP32-DEVKIT-V1/Do+it/view-part/?ref=eda</field>
        <field name="Description">
Dual core, Wi-Fi: 2.4 GHz up to 150 Mbits/s,BLE (Bluetooth Low Energy) and legacy Bluetooth, 32 bits, Up to 240 MHz
</field>
        <field name="MANUFACTURER">DOIT</field>
        <field name="MAXIMUM_PACKAGE_HEIGHT">6.8 mm</field>
        <field name="MF">Do it</field>
        <field name="MP">ESP32-DEVKIT-V1</field>
        <field name="PARTREV">N/A</field>
        <field name="Package">None</field>
        <field name="Price">None</field>
        <field name="STANDARD">Manufacturer Recommendations</field>
        <field name="SnapEDA_Link">https://www.snapeda.com/parts/ESP32-DEVKIT-V1/Do+it/view-part/?ref=snap</field>
      </fields>
      <libsource lib="ESP32-DEVKIT-V1" part="ESP32-DEVKIT-V1" description=""/>
      <property name="MF" value="Do it"/>
      <property name="MAXIMUM_PACKAGE_HEIGHT" value="6.8 mm"/>
      <property name="Package" value="None"/>
      <property name="Price" value="None"/>
      <property name="Check_prices" value="https://www.snapeda.com/parts/ESP32-DEVKIT-V1/Do+it/view-part/?ref=eda"/>
      <property name="STANDARD" value="Manufacturer Recommendations"/>
      <property name="PARTREV" value="N/A"/>
      <property name="SnapEDA_Link" value="https://www.snapeda.com/parts/ESP32-DEVKIT-V1/Do+it/view-part/?ref=snap"/>
      <property name="MP" value="ESP32-DEVKIT-V1"/>
      <property name="Description" value="&#xA;Dual core, Wi-Fi: 2.4 GHz up to 150 Mbits/s,BLE (Bluetooth Low Energy) and legacy Bluetooth, 32 bits, Up to 240 MHz&#xA;"/>
      <property name="Availability" value="Not in stock"/>
      <property name="MANUFACTURER" value="DOIT"/>
      <property name="Sheetname" value=""/>
      <property name="Sheetfile" value="hologlyph bot circuit.kicad_sch"/>
      <sheetpath names="/" tstamps="/"/>
      <tstamps>99ef1bab-65a2-404b-87e1-a14783bf02db</tstamps>
    </comp>
  </components>
  <libparts>
    <libpart lib="Connector" part="Screw_Terminal_01x02">
      <description>Generic screw terminal, single row, 01x02, script generated (kicad-library-utils/schlib/autogen/connector/)</description>
      <docs>~</docs>
      <footprints>
        <fp>TerminalBlock*:*</fp>
      </footprints>
      <fields>
        <field name="Reference">J</field>
        <field name="Value">Screw_Terminal_01x02</field>
        <field name="Datasheet">~</field>
      </fields>
      <pins>
        <pin num="1" name="Pin_1" type="passive"/>
        <pin num="2" name="Pin_2" type="passive"/>
      </pins>
    </libpart>
    <libpart lib="Connector_Generic" part="Conn_01x01">
      <description>Generic connector, single row, 01x01, script generated (kicad-library-utils/schlib/autogen/connector/)</description>
      <docs>~</docs>
      <footprints>
        <fp>Connector*:*_1x??_*</fp>
      </footprints>
      <fields>
        <field name="Reference">J</field>
        <field name="Value">Conn_01x01</field>
        <field name="Datasheet">~</field>
      </fields>
      <pins>
        <pin num="1" name="Pin_1" type="passive"/>
      </pins>
    </libpart>
    <libpart lib="Connector_Generic" part="Conn_01x02">
      <description>Generic connector, single row, 01x02, script generated (kicad-library-utils/schlib/autogen/connector/)</description>
      <docs>~</docs>
      <footprints>
        <fp>Connector*:*_1x??_*</fp>
      </footprints>
      <fields>
        <field name="Reference">J</field>
        <field name="Value">Conn_01x02</field>
        <field name="Datasheet">~</field>
      </fields>
      <pins>
        <pin num="1" name="Pin_1" type="passive"/>
        <pin num="2" name="Pin_2" type="passive"/>
      </pins>
    </libpart>
    <libpart lib="Connector_Generic" part="Conn_01x03">
      <description>Generic connector, single row, 01x03, script generated (kicad-library-utils/schlib/autogen/connector/)</description>
      <docs>~</docs>
      <footprints>
        <fp>Connector*:*_1x??_*</fp>
      </footprints>
      <fields>
        <field name="Reference">J</field>
        <field name="Value">Conn_01x03</field>
        <field name="Datasheet">~</field>
      </fields>
      <pins>
        <pin num="1" name="Pin_1" type="passive"/>
        <pin num="2" name="Pin_2" type="passive"/>
        <pin num="3" name="Pin_3" type="passive"/>
      </pins>
    </libpart>
    <libpart lib="Device" part="Buzzer">
      <description>Buzzer, polarized</description>
      <docs>~</docs>
      <footprints>
        <fp>*Buzzer*</fp>
      </footprints>
      <fields>
        <field name="Reference">BZ</field>
        <field name="Value">Buzzer</field>
        <field name="Datasheet">~</field>
      </fields>
      <pins>
        <pin num="1" name="-" type="passive"/>
        <pin num="2" name="+" type="passive"/>
      </pins>
    </libpart>
    <libpart lib="Device" part="LED_BAGR">
      <description>RGB LED, blue/anode/green/red</description>
      <docs>~</docs>
      <footprints>
        <fp>LED*</fp>
        <fp>LED_SMD:*</fp>
        <fp>LED_THT:*</fp>
      </footprints>
      <fields>
        <field name="Reference">D</field>
        <field name="Value">LED_BAGR</field>
        <field name="Datasheet">~</field>
      </fields>
      <pins>
        <pin num="1" name="BK" type="passive"/>
        <pin num="2" name="A" type="passive"/>
        <pin num="3" name="GK" type="passive"/>
        <pin num="4" name="RK" type="passive"/>
      </pins>
    </libpart>
    <libpart lib="Device" part="R">
      <description>Resistor</description>
      <docs>~</docs>
      <footprints>
        <fp>R_*</fp>
      </footprints>
      <fields>
        <field name="Reference">R</field>
        <field name="Value">R</field>
        <field name="Datasheet">~</field>
      </fields>
      <pins>
        <pin num="1" name="" type="passive"/>
        <pin num="2" name="" type="passive"/>
      </pins>
    </libpart>
    <libpart lib="ESP32-DEVKIT-V1" part="ESP32-DEVKIT-V1">
      <fields>
        <field name="Reference">U</field>
        <field name="Value">ESP32-DEVKIT-V1</field>
        <field name="Footprint">ESP32-DEVKIT-V1:MODULE_ESP32_DEVKIT_V1</field>
        <field name="MF">Do it</field>
        <field name="MAXIMUM_PACKAGE_HEIGHT">6.8 mm</field>
        <field name="Package">None</field>
        <field name="Price">None</field>
        <field name="Check_prices">https://www.snapeda.com/parts/ESP32-DEVKIT-V1/Do+it/view-part/?ref=eda</field>
        <field name="STANDARD">Manufacturer Recommendations</field>
        <field name="PARTREV">N/A</field>
        <field name="SnapEDA_Link">https://www.snapeda.com/parts/ESP32-DEVKIT-V1/Do+it/view-part/?ref=snap</field>
        <field name="MP">ESP32-DEVKIT-V1</field>
        <field name="Description">
Dual core, Wi-Fi: 2.4 GHz up to 150 Mbits/s,BLE (Bluetooth Low Energy) and legacy Bluetooth, 32 bits, Up to 240 MHz
</field>
        <field name="Availability">Not in stock</field>
        <field name="MANUFACTURER">DOIT</field>
      </fields>
      <pins>
        <pin num="1" name="3V3" type="output"/>
        <pin num="2" name="GND" type="power_in"/>
        <pin num="3" name="D15" type="bidirectional"/>
        <pin num="4" name="D2" type="bidirectional"/>
        <pin num="5" name="D4" type="bidirectional"/>
        <pin num="6" name="RX2" type="input"/>
        <pin num="7" name="TX2" type="output"/>
        <pin num="8" name="D5" type="bidirectional"/>
        <pin num="9" name="D18" type="bidirectional"/>
        <pin num="10" name="D19" type="bidirectional"/>
        <pin num="11" name="D21" type="bidirectional"/>
        <pin num="12" name="RX0" type="input"/>
        <pin num="13" name="TX0" type="output"/>
        <pin num="14" name="D22" type="bidirectional"/>
        <pin num="15" name="D23" type="bidirectional"/>
        <pin num="16" name="EN" type="input"/>
        <pin num="17" name="VP" type="bidirectional"/>
        <pin num="18" name="VN" type="bidirectional"/>
        <pin num="19" name="D34" type="bidirectional"/>
        <pin num="20" name="D35" type="bidirectional"/>
        <pin num="21" name="D32" type="bidirectional"/>
        <pin num="22" name="D33" type="bidirectional"/>
        <pin num="23" name="D25" type="bidirectional"/>
        <pin num="24" name="D26" type="bidirectional"/>
        <pin num="25" name="D27" type="bidirectional"/>
        <pin num="26" name="D14" type="bidirectional"/>
        <pin num="27" name="D12" type="bidirectional"/>
        <pin num="28" name="D13" type="bidirectional"/>
        <pin num="29" name="GND" type="power_in"/>
        <pin num="30" name="VIN" type="input"/>
      </pins>
    </libpart>
    <libpart lib="Switch" part="SW_DPST_x2">
      <description>Single Pole Single Throw (SPST) switch, separate symbol</description>
      <docs>~</docs>
      <fields>
        <field name="Reference">SW</field>
        <field name="Value">SW_DPST_x2</field>
        <field name="Datasheet">~</field>
      </fields>
      <pins>
        <pin num="1" name="A" type="passive"/>
        <pin num="2" name="B" type="passive"/>
        <pin num="3" name="A" type="passive"/>
        <pin num="4" name="B" type="passive"/>
      </pins>
    </libpart>
  </libparts>
  <libraries>
    <library logical="Connector">
      <uri>C:\Program Files\KiCad\7.0\share\kicad\symbols\/Connector.kicad_sym</uri>
    </library>
    <library logical="Connector_Generic">
      <uri>C:\Program Files\KiCad\7.0\share\kicad\symbols\/Connector_Generic.kicad_sym</uri>
    </library>
    <library logical="Device">
      <uri>C:\Program Files\KiCad\7.0\share\kicad\symbols\/Device.kicad_sym</uri>
    </library>
    <library logical="ESP32-DEVKIT-V1">
      <uri>C:/Users/maswa/UserFiles/aswarth/aswarth/kicad parts/ESP32-DEVKIT-V1/ESP32-DEVKIT-V1.kicad_sym</uri>
    </library>
    <library logical="Switch">
      <uri>C:\Program Files\KiCad\7.0\share\kicad\symbols\/Switch.kicad_sym</uri>
    </library>
  </libraries>
  <nets>
    <net code="1" name="+5V">
      <node ref="J1" pin="2" pinfunction="Pin_2" pintype="passive"/>
      <node ref="J10" pin="1" pinfunction="Pin_1" pintype="passive"/>
      <node ref="J2" pin="2" pinfunction="Pin_2" pintype="passive"/>
      <node ref="J3" pin="2" pinfunction="Pin_2" pintype="passive"/>
      <node ref="J4" pin="2" pinfunction="Pin_2" pintype="passive"/>
      <node ref="J7" pin="1" pinfunction="Pin_1" pintype="passive"/>
      <node ref="U1" pin="30" pinfunction="VIN" pintype="input"/>
    </net>
    <net code="2" name="+12V">
      <node ref="J5" pin="1" pinfunction="Pin_1" pintype="passive"/>
      <node ref="SW1" pin="1" pinfunction="A" pintype="passive"/>
    </net>
    <net code="3" name="/Buzz+">
      <node ref="R7" pin="1" pintype="passive"/>
      <node ref="U1" pin="15" pinfunction="D23" pintype="bidirectional"/>
    </net>
    <net code="4" name="/D1 Blue">
      <node ref="R3" pin="1" pintype="passive"/>
      <node ref="U1" pin="11" pinfunction="D21" pintype="bidirectional"/>
    </net>
    <net code="5" name="/D1 Green">
      <node ref="R2" pin="1" pintype="passive"/>
      <node ref="U1" pin="10" pinfunction="D19" pintype="bidirectional"/>
    </net>
    <net code="6" name="/D1 Red">
      <node ref="R1" pin="1" pintype="passive"/>
      <node ref="U1" pin="9" pinfunction="D18" pintype="bidirectional"/>
    </net>
    <net code="7" name="/D2 Blue">
      <node ref="R6" pin="1" pintype="passive"/>
      <node ref="U1" pin="21" pinfunction="D32" pintype="bidirectional"/>
    </net>
    <net code="8" name="/D2 Green">
      <node ref="R5" pin="1" pintype="passive"/>
      <node ref="U1" pin="14" pinfunction="D22" pintype="bidirectional"/>
    </net>
    <net code="9" name="/D2 Red">
      <node ref="R4" pin="1" pintype="passive"/>
      <node ref="U1" pin="5" pinfunction="D4" pintype="bidirectional"/>
    </net>
    <net code="10" name="/PWM Pen">
      <node ref="J4" pin="1" pinfunction="Pin_1" pintype="passive"/>
      <node ref="U1" pin="22" pinfunction="D33" pintype="bidirectional"/>
    </net>
    <net code="11" name="/PWM Wheel Left">
      <node ref="J1" pin="1" pinfunction="Pin_1" pintype="passive"/>
      <node ref="U1" pin="23" pinfunction="D25" pintype="bidirectional"/>
    </net>
    <net code="12" name="/PWM Wheel Rear">
      <node ref="J3" pin="1" pinfunction="Pin_1" pintype="passive"/>
      <node ref="U1" pin="25" pinfunction="D27" pintype="bidirectional"/>
    </net>
    <net code="13" name="/PWM Wheel Right">
      <node ref="J2" pin="1" pinfunction="Pin_1" pintype="passive"/>
      <node ref="U1" pin="24" pinfunction="D26" pintype="bidirectional"/>
    </net>
    <net code="14" name="GND">
      <node ref="BZ1" pin="2" pinfunction="+" pintype="passive"/>
      <node ref="D1" pin="2" pinfunction="A" pintype="passive"/>
      <node ref="D2" pin="2" pinfunction="A" pintype="passive"/>
      <node ref="J1" pin="3" pinfunction="Pin_3" pintype="passive"/>
      <node ref="J10" pin="2" pinfunction="Pin_2" pintype="passive"/>
      <node ref="J2" pin="3" pinfunction="Pin_3" pintype="passive"/>
      <node ref="J3" pin="3" pinfunction="Pin_3" pintype="passive"/>
      <node ref="J4" pin="3" pinfunction="Pin_3" pintype="passive"/>
      <node ref="J8" pin="1" pinfunction="Pin_1" pintype="passive"/>
      <node ref="U1" pin="2" pinfunction="GND" pintype="power_in"/>
      <node ref="U1" pin="29" pinfunction="GND" pintype="power_in"/>
    </net>
    <net code="15" name="GNDPWR">
      <node ref="J6" pin="1" pinfunction="Pin_1" pintype="passive"/>
      <node ref="J9" pin="2" pinfunction="Pin_2" pintype="passive"/>
    </net>
    <net code="16" name="Net-(BZ1--)">
      <node ref="BZ1" pin="1" pinfunction="-" pintype="passive"/>
      <node ref="R7" pin="2" pintype="passive"/>
    </net>
    <net code="17" name="Net-(D1-BK)">
      <node ref="D1" pin="1" pinfunction="BK" pintype="passive"/>
      <node ref="R3" pin="2" pintype="passive"/>
    </net>
    <net code="18" name="Net-(D1-GK)">
      <node ref="D1" pin="3" pinfunction="GK" pintype="passive"/>
      <node ref="R2" pin="2" pintype="passive"/>
    </net>
    <net code="19" name="Net-(D1-RK)">
      <node ref="D1" pin="4" pinfunction="RK" pintype="passive"/>
      <node ref="R1" pin="2" pintype="passive"/>
    </net>
    <net code="20" name="Net-(D2-BK)">
      <node ref="D2" pin="1" pinfunction="BK" pintype="passive"/>
      <node ref="R6" pin="2" pintype="passive"/>
    </net>
    <net code="21" name="Net-(D2-GK)">
      <node ref="D2" pin="3" pinfunction="GK" pintype="passive"/>
      <node ref="R5" pin="2" pintype="passive"/>
    </net>
    <net code="22" name="Net-(D2-RK)">
      <node ref="D2" pin="4" pinfunction="RK" pintype="passive"/>
      <node ref="R4" pin="2" pintype="passive"/>
    </net>
    <net code="23" name="Net-(J9-Pin_1)">
      <node ref="J9" pin="1" pinfunction="Pin_1" pintype="passive"/>
      <node ref="SW1" pin="2" pinfunction="B" pintype="passive"/>
    </net>
    <net code="24" name="unconnected-(U1-3V3-Pad1)">
      <node ref="U1" pin="1" pinfunction="3V3" pintype="output+no_connect"/>
    </net>
    <net code="25" name="unconnected-(U1-D2-Pad4)">
      <node ref="U1" pin="4" pinfunction="D2" pintype="bidirectional+no_connect"/>
    </net>
    <net code="26" name="unconnected-(U1-D5-Pad8)">
      <node ref="U1" pin="8" pinfunction="D5" pintype="bidirectional+no_connect"/>
    </net>
    <net code="27" name="unconnected-(U1-D12-Pad27)">
      <node ref="U1" pin="27" pinfunction="D12" pintype="bidirectional+no_connect"/>
    </net>
    <net code="28" name="unconnected-(U1-D13-Pad28)">
      <node ref="U1" pin="28" pinfunction="D13" pintype="bidirectional+no_connect"/>
    </net>
    <net code="29" name="unconnected-(U1-D14-Pad26)">
      <node ref="U1" pin="26" pinfunction="D14" pintype="bidirectional+no_connect"/>
    </net>
    <net code="30" name="unconnected-(U1-D15-Pad3)">
      <node ref="U1" pin="3" pinfunction="D15" pintype="bidirectional+no_connect"/>
    </net>
    <net code="31" name="unconnected-(U1-D34-Pad19)">
      <node ref="U1" pin="19" pinfunction="D34" pintype="bidirectional+no_connect"/>
    </net>
    <net code="32" name="unconnected-(U1-D35-Pad20)">
      <node ref="U1" pin="20" pinfunction="D35" pintype="bidirectional+no_connect"/>
    </net>
    <net code="33" name="unconnected-(U1-EN-Pad16)">
      <node ref="U1" pin="16" pinfunction="EN" pintype="input+no_connect"/>
    </net>
    <net code="34" name="unconnected-(U1-RX0-Pad12)">
      <node ref="U1" pin="12" pinfunction="RX0" pintype="input+no_connect"/>
    </net>
    <net code="35" name="unconnected-(U1-RX2-Pad6)">
      <node ref="U1" pin="6" pinfunction="RX2" pintype="input+no_connect"/>
    </net>
    <net code="36" name="unconnected-(U1-TX0-Pad13)">
      <node ref="U1" pin="13" pinfunction="TX0" pintype="output+no_connect"/>
    </net>
    <net code="37" name="unconnected-(U1-TX2-Pad7)">
      <node ref="U1" pin="7" pinfunction="TX2" pintype="output+no_connect"/>
    </net>
    <net code="38" name="unconnected-(U1-VN-Pad18)">
      <node ref="U1" pin="18" pinfunction="VN" pintype="bidirectional+no_connect"/>
    </net>
    <net code="39" name="unconnected-(U1-VP-Pad17)">
      <node ref="U1" pin="17" pinfunction="VP" pintype="bidirectional+no_connect"/>
    </net>
  </nets>
</export>
